Caller ID,Lead ID,List Name
(212) 200-1000,L1000,Sample List
(213) 201-1037,L1001,Sample List
(312) 202-1074,L1002,Sample List
(404) 203-1111,L1003,Sample List
(415) 204-1148,L1004,Sample List
(480) 205-1185,L1005,Sample List
(503) 206-1222,L1006,Sample List
(512) 207-1259,L1007,Sample List
(602) 208-1296,L1008,Sample List
(617) 209-1333,L1009,Sample List
(646) 210-1370,L1010,Sample List
(702) 211-1407,L1011,Sample List
(703) 212-1444,L1012,Sample List
(714) 213-1481,L1013,Sample List
(773) 214-1518,L1014,Sample List
(786) 215-1555,L1015,Sample List
(801) 216-1592,L1016,Sample List
(813) 217-1629,L1017,Sample List
(832) 218-1666,L1018,Sample List
(857) 219-1703,L1019,Sample List
(917) 220-1740,L1020,Sample List
(919) 221-1777,L1021,Sample List
(972) 222-1814,L1022,Sample List
(305) 223-1851,L1023,Sample List
(407) 224-1888,L1024,Sample List
(303) 225-1925,L1025,Sample List
(720) 226-1962,L1026,Sample List
(619) 227-1999,L1027,Sample List
(210) 228-2036,L1028,Sample List
(713) 229-2073,L1029,Sample List
(212) 230-2110,L1030,Sample List
(213) 231-2147,L1031,Sample List
(312) 232-2184,L1032,Sample List
(404) 233-2221,L1033,Sample List
(415) 234-2258,L1034,Sample List
(480) 235-2295,L1035,Sample List
(503) 236-2332,L1036,Sample List
(512) 237-2369,L1037,Sample List
(602) 238-2406,L1038,Sample List
(617) 239-2443,L1039,Sample List
(646) 240-2480,L1040,Sample List
(702) 241-2517,L1041,Sample List
(703) 242-2554,L1042,Sample List
(714) 243-2591,L1043,Sample List
(773) 244-2628,L1044,Sample List
(786) 245-2665,L1045,Sample List
(801) 246-2702,L1046,Sample List
(813) 247-2739,L1047,Sample List
(832) 248-2776,L1048,Sample List
(857) 249-2813,L1049,Sample List
(917) 250-2850,L1050,Sample List
(919) 251-2887,L1051,Sample List
(972) 252-2924,L1052,Sample List
(305) 253-2961,L1053,Sample List
(407) 254-2998,L1054,Sample List
(303) 255-3035,L1055,Sample List
(720) 256-3072,L1056,Sample List
(619) 257-3109,L1057,Sample List
(210) 258-3146,L1058,Sample List
(713) 259-3183,L1059,Sample List
(201) 555-0000,L1060,Sample List
(202) 555-0001,L1061,Sample List
(206) 555-0002,L1062,Sample List
(207) 555-0003,L1063,Sample List
(208) 555-0004,L1064,Sample List
(209) 555-0005,L1065,Sample List
(301) 555-0006,L1066,Sample List
(302) 555-0007,L1067,Sample List
(314) 555-0008,L1068,Sample List
(316) 555-0009,L1069,Sample List
(317) 555-0010,L1070,Sample List
(318) 555-0011,L1071,Sample List
(319) 555-0012,L1072,Sample List
(402) 555-0013,L1073,Sample List
(405) 555-0014,L1074,Sample List
(406) 555-0015,L1075,Sample List
(201) 555-0016,L1076,Sample List
(202) 555-0017,L1077,Sample List
(206) 555-0018,L1078,Sample List
(207) 555-0019,L1079,Sample List
(208) 555-0020,L1080,Sample List
(209) 555-0021,L1081,Sample List
(301) 555-0022,L1082,Sample List
(302) 555-0023,L1083,Sample List
(314) 555-0024,L1084,Sample List
(316) 555-0025,L1085,Sample List
(317) 555-0026,L1086,Sample List
(318) 555-0027,L1087,Sample List
(319) 555-0028,L1088,Sample List
(402) 555-0029,L1089,Sample List
(405) 555-0030,L1090,Sample List
(406) 555-0031,L1091,Sample List
(201) 555-0032,L1092,Sample List
(202) 555-0033,L1093,Sample List
(206) 555-0034,L1094,Sample List
(207) 555-0035,L1095,Sample List
(208) 555-0036,L1096,Sample List
(209) 555-0037,L1097,Sample List
(301) 555-0038,L1098,Sample List
(302) 555-0039,L1099,Sample List
(314) 555-0040,L1100,Sample List
(316) 555-0041,L1101,Sample List
(317) 555-0042,L1102,Sample List
(318) 555-0043,L1103,Sample List
(319) 555-0044,L1104,Sample List
(402) 555-0045,L1105,Sample List
(405) 555-0046,L1106,Sample List
(406) 555-0047,L1107,Sample List
(201) 555-0048,L1108,Sample List
(202) 555-0049,L1109,Sample List
(206) 555-0050,L1110,Sample List
(207) 555-0051,L1111,Sample List
(208) 555-0052,L1112,Sample List
(209) 555-0053,L1113,Sample List
(301) 555-0054,L1114,Sample List
(302) 555-0055,L1115,Sample List
(314) 555-0056,L1116,Sample List
(316) 555-0057,L1117,Sample List
(317) 555-0058,L1118,Sample List
(318) 555-0059,L1119,Sample List
(319) 555-0060,L1120,Sample List
(402) 555-0061,L1121,Sample List
(405) 555-0062,L1122,Sample List
(406) 555-0063,L1123,Sample List
(201) 555-0064,L1124,Sample List
(202) 555-0065,L1125,Sample List
(206) 555-0066,L1126,Sample List
(207) 555-0067,L1127,Sample List
(208) 555-0068,L1128,Sample List
(209) 555-0069,L1129,Sample List
(301) 555-0070,L1130,Sample List
(302) 555-0071,L1131,Sample List
(314) 555-0072,L1132,Sample List
(316) 555-0073,L1133,Sample List
(317) 555-0074,L1134,Sample List
(318) 555-0075,L1135,Sample List
(319) 555-0076,L1136,Sample List
(402) 555-0077,L1137,Sample List
(405) 555-0078,L1138,Sample List
(406) 555-0079,L1139,Sample List
(201) 555-0080,L1140,Sample List
(202) 555-0081,L1141,Sample List
(206) 555-0082,L1142,Sample List
(207) 555-0083,L1143,Sample List
(208) 555-0084,L1144,Sample List
(209) 555-0085,L1145,Sample List
(301) 555-0086,L1146,Sample List
(302) 555-0087,L1147,Sample List
(314) 555-0088,L1148,Sample List
(316) 555-0089,L1149,Sample List
(317) 555-0090,L1150,Sample List
(318) 555-0091,L1151,Sample List
(319) 555-0092,L1152,Sample List
(402) 555-0093,L1153,Sample List
(405) 555-0094,L1154,Sample List
(406) 555-0095,L1155,Sample List
(201) 555-0096,L1156,Sample List
(202) 555-0097,L1157,Sample List
(206) 555-0098,L1158,Sample List
(207) 555-0099,L1159,Sample List
(208) 555-0100,L1160,Sample List
(209) 555-0101,L1161,Sample List
(301) 555-0102,L1162,Sample List
(302) 555-0103,L1163,Sample List
(314) 555-0104,L1164,Sample List
(316) 555-0105,L1165,Sample List
(317) 555-0106,L1166,Sample List
(318) 555-0107,L1167,Sample List
(319) 555-0108,L1168,Sample List
(402) 555-0109,L1169,Sample List
(405) 555-0110,L1170,Sample List
(406) 555-0111,L1171,Sample List
(201) 555-0112,L1172,Sample List
(202) 555-0113,L1173,Sample List
(206) 555-0114,L1174,Sample List
(207) 555-0115,L1175,Sample List
(208) 555-0116,L1176,Sample List
(209) 555-0117,L1177,Sample List
(301) 555-0118,L1178,Sample List
(302) 555-0119,L1179,Sample List
(314) 555-0120,L1180,Sample List
(316) 555-0121,L1181,Sample List
(317) 555-0122,L1182,Sample List
(318) 555-0123,L1183,Sample List
(319) 555-0124,L1184,Sample List
(402) 555-0125,L1185,Sample List
(405) 555-0126,L1186,Sample List
(406) 555-0127,L1187,Sample List
(201) 555-0128,L1188,Sample List
(202) 555-0129,L1189,Sample List
(206) 555-0130,L1190,Sample List
(207) 555-0131,L1191,Sample List
(208) 555-0132,L1192,Sample List
(209) 555-0133,L1193,Sample List
(301) 555-0134,L1194,Sample List
(302) 555-0135,L1195,Sample List
(314) 555-0136,L1196,Sample List
(316) 555-0137,L1197,Sample List
(317) 555-0138,L1198,Sample List
(318) 555-0139,L1199,Sample List
